episode,episode_reward,rolling_reward,rolling_win_rate
1,-0.8315000000000001,-0.8315000000000001,0.0
2,-0.6034999999999999,-0.7175,0.0
3,0.8650000000000001,-0.18999999999999997,0.3333333333333333
4,0.6025000000000001,0.008125000000000049,0.5
5,0.6775000000000001,0.14200000000000007,0.6
6,0.3400000000000001,0.17500000000000004,0.6666666666666666
7,-0.72,0.0471428571428572,0.5714285714285714
8,0.8650000000000001,0.14937500000000006,0.625
9,0.37750000000000006,0.1747222222222223,0.6666666666666666
10,0.6025000000000001,0.21750000000000008,0.7
11,-0.72,0.13227272727272735,0.6363636363636364
12,0.8650000000000001,0.19333333333333338,0.6666666666666666
13,-0.2025,0.16288461538461543,0.6153846153846154
14,-0.72,0.09982142857142863,0.5714285714285714
15,0.6025000000000001,0.1333333333333334,0.6
16,-0.72,0.08000000000000007,0.5625
17,-0.5,0.045882352941176534,0.5294117647058824
18,-0.72,0.0033333333333333917,0.5
19,0.11500000000000006,0.009210526315789532,0.5263157894736842
20,-0.72,-0.02724999999999994,0.5
21,-0.72,-0.06023809523809518,0.47619047619047616
22,0.6025000000000001,-0.0301136363636363,0.5
23,-0.5225,-0.05152173913043473,0.4782608695652174
24,-0.72,-0.07937499999999995,0.4583333333333333
25,0.3400000000000001,-0.06259999999999995,0.48
26,-0.72,-0.08788461538461532,0.46153846153846156
27,-0.31499999999999995,-0.09629629629629623,0.4444444444444444
28,0.6775000000000001,-0.06866071428571423,0.4642857142857143
29,0.9025,-0.035172413793103395,0.4827586206896552
30,-0.3375,-0.04524999999999994,0.4666666666666667
31,0.11500000000000006,-0.04008064516129027,0.4838709677419355
32,0.6683333333333334,-0.01794270833333328,0.5
33,0.6025000000000001,0.0008585858585859163,0.5151515151515151
34,0.5650000000000001,0.01745098039215692,0.5294117647058824
35,0.6775000000000001,0.03630952380952387,0.5428571428571428
36,-0.72,0.015300925925925983,0.5277777777777778
37,0.9025,0.039279279279279336,0.5405405405405406
38,0.6025000000000001,0.05410087719298251,0.5526315789473685
39,-0.72,0.034252136752136814,0.5384615384615384
40,0.5650000000000001,0.04752083333333339,0.55
41,0.5650000000000001,0.06014227642276428,0.5609756097560976
42,0.8650000000000001,0.07930555555555562,0.5714285714285714
43,0.6775000000000001,0.09321705426356594,0.5813953488372093
44,0.5650000000000001,0.103939393939394,0.5909090909090909
45,-0.72,0.0856296296296297,0.5777777777777777
46,0.6025000000000001,0.09686594202898557,0.5869565217391305
47,0.6025000000000001,0.10762411347517736,0.5957446808510638
48,0.37750000000000006,0.11324652777777784,0.6041666666666666
49,0.6025000000000001,0.12323129251700687,0.6122448979591837
50,0.9025,0.13881666666666673,0.62
51,0.5650000000000001,0.16674666666666674,0.64
52,0.8650000000000001,0.19611666666666672,0.66
53,0.6025000000000001,0.19086666666666674,0.66
54,-0.2025,0.17476666666666674,0.64
55,-0.72,0.14681666666666673,0.62
56,0.6025000000000001,0.1520666666666667,0.62
57,0.6025000000000001,0.17851666666666674,0.64
58,-0.3375,0.15446666666666672,0.62
59,-0.72,0.13251666666666673,0.6
60,0.3400000000000001,0.12726666666666675,0.6
61,0.535,0.15236666666666673,0.62
62,0.6025000000000001,0.14711666666666673,0.62
63,0.11500000000000006,0.15346666666666672,0.64
64,0.3400000000000001,0.17466666666666672,0.66
65,0.85,0.17961666666666673,0.66
66,-0.72,0.17961666666666673,0.66
67,0.6025000000000001,0.20166666666666672,0.68
68,0.8650000000000001,0.23336666666666672,0.7
69,0.3400000000000001,0.23786666666666673,0.7
70,-0.72,0.23786666666666673,0.7
71,-0.8575,0.23511666666666675,0.7
72,0.6025000000000001,0.23511666666666675,0.7
73,-0.6191666666666668,0.23318333333333338,0.7
74,0.9025,0.2656333333333334,0.72
75,-0.72,0.2444333333333334,0.7
76,-0.72,0.2444333333333334,0.7
77,0.8650000000000001,0.2680333333333334,0.72
78,0.4275000000000001,0.2630333333333334,0.72
79,-0.31499999999999995,0.2386833333333334,0.7
80,-0.72,0.2310333333333334,0.7
81,0.8650000000000001,0.24603333333333338,0.7
82,0.6025000000000001,0.24471666666666675,0.7
83,0.3400000000000001,0.23946666666666672,0.7
84,-0.3375,0.22141666666666673,0.68
85,-0.3341666666666666,0.20118333333333338,0.66
86,0.3400000000000001,0.2223833333333334,0.68
87,0.5650000000000001,0.2156333333333334,0.68
88,0.5650000000000001,0.2148833333333334,0.68
89,0.9025,0.24733333333333338,0.7
90,0.85,0.2530333333333334,0.7
91,-0.72,0.2273333333333334,0.68
92,-1.532,0.17939333333333338,0.66
93,-0.72,0.1514433333333334,0.64
94,0.7066666666666667,0.15427666666666673,0.64
95,0.9025,0.1867266666666667,0.66
96,-0.3375,0.16792666666666672,0.64
97,-0.72,0.14147666666666672,0.62
98,0.8650000000000001,0.1512266666666667,0.62
99,-0.72,0.12477666666666672,0.6
100,0.61,0.11892666666666671,0.6
101,0.3400000000000001,0.11442666666666672,0.6
102,0.9025,0.1151766666666667,0.6
103,0.4975,0.11307666666666671,0.6
104,0.9025,0.1351766666666667,0.62
105,0.5650000000000001,0.1608766666666667,0.64
106,-0.72,0.13442666666666672,0.62
107,0.5650000000000001,0.1336766666666667,0.62
108,0.6025000000000001,0.1524766666666667,0.64
109,0.37750000000000006,0.1744266666666667,0.66
110,0.8650000000000001,0.1849266666666667,0.66
111,0.3400000000000001,0.18102666666666672,0.66
112,-0.72,0.1545766666666667,0.64
113,0.5650000000000001,0.1635766666666667,0.64
114,-0.72,0.1423766666666667,0.62
115,0.6025000000000001,0.1374266666666667,0.62
116,-0.72,0.1374266666666667,0.62
117,0.37750000000000006,0.13292666666666672,0.62
118,-0.48416666666666663,0.10594333333333336,0.6
119,-0.72,0.08474333333333338,0.58
120,0.37750000000000006,0.10669333333333338,0.6
121,-0.8575,0.10669333333333338,0.6
122,0.9025,0.11269333333333337,0.6
123,0.6025000000000001,0.1371266666666667,0.62
124,0.6025000000000001,0.13112666666666672,0.62
125,-0.18000000000000005,0.1419266666666667,0.62
126,-0.72,0.1419266666666667,0.62
127,-0.72,0.11022666666666671,0.6
128,0.5650000000000001,0.1129766666666667,0.6
129,0.85,0.1362766666666667,0.62
130,-0.72,0.1362766666666667,0.62
131,0.5650000000000001,0.1302766666666667,0.62
132,-0.72,0.1038266666666667,0.6
133,0.11500000000000006,0.0993266666666667,0.6
134,-0.72,0.09167666666666671,0.6
135,-0.72,0.08396000000000005,0.6
136,0.4975,0.08711000000000003,0.6
137,0.37750000000000006,0.08336000000000005,0.6
138,0.37750000000000006,0.07961000000000003,0.6
139,-0.72,0.047160000000000035,0.58
140,-0.72,0.015760000000000038,0.56
141,-0.72,0.015760000000000038,0.56
142,0.37750000000000006,0.05395000000000004,0.58
143,-0.72,0.05395000000000004,0.58
144,-0.2025,0.035766666666666704,0.56
145,-0.36,0.010516666666666705,0.54
146,0.9025,0.035316666666666705,0.56
147,-0.72,0.035316666666666705,0.56
148,0.6025000000000001,0.030066666666666703,0.56
149,0.3400000000000001,0.0512666666666667,0.58
150,-0.72,0.024666666666666708,0.56
151,-0.3375,0.011116666666666705,0.54
152,-0.72,-0.021333333333333294,0.52
153,0.3400000000000001,-0.02448333333333329,0.52
154,0.3400000000000001,-0.03573333333333329,0.52
155,0.6025000000000001,-0.03498333333333328,0.52
156,0.64,-0.007783333333333289,0.54
157,0.3400000000000001,-0.012283333333333289,0.54
158,0.37750000000000006,-0.01678333333333329,0.54
159,0.6025000000000001,-0.012283333333333289,0.54
160,0.85,-0.01258333333333329,0.54
161,0.64,-0.006583333333333292,0.54
162,0.3400000000000001,0.014616666666666708,0.56
163,-0.72,-0.011083333333333292,0.54
164,-0.72,-0.011083333333333292,0.54
165,0.9025,-0.005083333333333296,0.54
166,0.5425,0.020166666666666708,0.56
167,0.8650000000000001,0.029916666666666706,0.56
168,0.37750000000000006,0.047150000000000046,0.58
169,0.8650000000000001,0.07885000000000005,0.6
170,-0.72,0.05690000000000004,0.58
171,-0.72,0.05965000000000004,0.58
172,0.3400000000000001,0.04840000000000004,0.58
173,-0.72,0.021950000000000042,0.56
174,0.37750000000000006,0.01745000000000004,0.56
175,0.37750000000000006,0.028600000000000042,0.58
176,0.5650000000000001,0.05430000000000004,0.6
177,0.9025,0.08675000000000005,0.62
178,0.37750000000000006,0.08300000000000005,0.62
179,-0.72,0.05160000000000005,0.6
180,0.6025000000000001,0.07805000000000004,0.62
181,0.9025,0.08480000000000004,0.62
182,-0.72,0.08480000000000004,0.62
183,0.37750000000000006,0.09005000000000005,0.62
184,0.8650000000000001,0.12175000000000004,0.64
185,0.535,0.14685000000000004,0.66
186,0.8650000000000001,0.15420000000000006,0.66
187,0.655,0.15975000000000006,0.66
188,0.3400000000000001,0.15900000000000003,0.66
189,-0.8575,0.15625000000000003,0.66
190,0.11500000000000006,0.17295000000000005,0.68
191,-0.72,0.17295000000000005,0.68
192,-0.72,0.15100000000000005,0.66
193,0.64,0.17820000000000003,0.68
194,-0.72,0.16785000000000003,0.68
195,0.5650000000000001,0.18635000000000004,0.7
196,0.8650000000000001,0.18560000000000007,0.7
197,0.8650000000000001,0.21730000000000005,0.72
198,0.9025,0.22330000000000005,0.72
199,0.9025,0.23455000000000006,0.72
200,-0.8575,0.23180000000000003,0.72
201,-0.5175000000000001,0.22820000000000004,0.72
202,-0.72,0.22820000000000004,0.72
203,0.37750000000000006,0.22895000000000004,0.72
204,-0.72,0.20775000000000005,0.7
205,0.64,0.20850000000000005,0.7
206,-0.72,0.18130000000000002,0.68
207,0.8650000000000001,0.19180000000000003,0.68
208,0.9025,0.20230000000000004,0.68
209,0.8650000000000001,0.20755,0.68
210,0.5650000000000001,0.20185000000000003,0.68
211,0.6025000000000001,0.20110000000000003,0.68
212,-0.72,0.17990000000000006,0.66
213,0.6025000000000001,0.20635000000000006,0.68
214,0.1525000000000001,0.22380000000000003,0.7
215,0.37750000000000006,0.21330000000000005,0.7
216,-0.21833333333333338,0.19808333333333336,0.68
217,0.11500000000000006,0.18308333333333338,0.68
218,0.8650000000000001,0.19283333333333338,0.68
219,0.9025,0.19358333333333338,0.68
220,0.8650000000000001,0.22528333333333336,0.7
221,0.6025000000000001,0.25173333333333336,0.72
222,0.8650000000000001,0.2622333333333334,0.72
223,0.5650000000000001,0.2879333333333334,0.74
224,0.9025,0.2984333333333334,0.74
225,-0.72,0.27648333333333336,0.72
226,0.6025000000000001,0.2772333333333334,0.72
227,0.5650000000000001,0.2704833333333334,0.72
228,0.3400000000000001,0.2697333333333334,0.72
229,0.1525000000000001,0.28718333333333335,0.74
230,0.5650000000000001,0.2864333333333334,0.74
231,0.5650000000000001,0.2796833333333334,0.74
232,0.37750000000000006,0.30163333333333336,0.76
233,-0.72,0.2796833333333334,0.74
234,0.5650000000000001,0.2736833333333334,0.74
235,0.8650000000000001,0.2802833333333334,0.74
236,-0.36,0.25578333333333336,0.72
237,0.37750000000000006,0.25023333333333336,0.72
238,0.3400000000000001,0.25023333333333336,0.72
239,0.3400000000000001,0.2741833333333334,0.74
240,0.5650000000000001,0.2831833333333334,0.74
241,-0.72,0.2831833333333334,0.74
242,-0.72,0.2831833333333334,0.74
243,-0.72,0.2559833333333334,0.72
244,0.6175,0.2827333333333334,0.74
245,-0.72,0.2570333333333334,0.72
246,-0.9724999999999999,0.2202833333333334,0.7
247,0.6025000000000001,0.21503333333333338,0.7
248,0.6025000000000001,0.2090333333333334,0.7
249,-0.72,0.1765833333333334,0.68
250,0.3400000000000001,0.20053333333333337,0.7
251,-0.72,0.1964833333333334,0.7
252,0.6025000000000001,0.2229333333333334,0.72
253,-0.72,0.2009833333333334,0.7
254,0.5650000000000001,0.2266833333333334,0.72
255,0.9025,0.23193333333333338,0.72
256,0.9025,0.2643833333333334,0.74
257,-0.72,0.23268333333333338,0.72
258,0.8650000000000001,0.23193333333333338,0.72
259,0.9025,0.23268333333333338,0.72
260,-0.72,0.20698333333333338,0.7
261,0.5650000000000001,0.20623333333333338,0.7
262,0.5650000000000001,0.23193333333333338,0.72
263,-0.72,0.20548333333333338,0.7
264,0.85,0.2194333333333334,0.7
265,0.5650000000000001,0.2231833333333334,0.7
266,0.37750000000000006,0.23510000000000006,0.72
267,0.64,0.24560000000000007,0.72
268,0.37750000000000006,0.23585000000000003,0.72
269,-0.72,0.20340000000000008,0.7
270,-0.31499999999999995,0.17980000000000004,0.68
271,-0.72,0.15335000000000004,0.66
272,0.6025000000000001,0.14810000000000006,0.66
273,-0.72,0.12240000000000005,0.64
274,0.3400000000000001,0.11115000000000005,0.64
275,0.5650000000000001,0.13685000000000005,0.66
276,0.6025000000000001,0.13685000000000005,0.66
277,0.13000000000000006,0.12815000000000004,0.66
278,0.64,0.13415000000000005,0.66
279,0.64,0.14390000000000006,0.66
280,-0.72,0.11820000000000006,0.64
281,0.5650000000000001,0.11820000000000006,0.64
282,0.5650000000000001,0.12195000000000006,0.64
283,0.37750000000000006,0.14390000000000006,0.66
284,0.3400000000000001,0.13940000000000005,0.66
285,0.6775000000000001,0.13565000000000005,0.66
286,0.6025000000000001,0.15490000000000007,0.68
287,0.3400000000000001,0.15415000000000006,0.68
288,-0.72,0.13295000000000004,0.66
289,0.3400000000000001,0.13295000000000004,0.66
290,0.8425,0.13850000000000004,0.66
291,0.9025,0.17095000000000005,0.68
292,0.5650000000000001,0.19665000000000007,0.7
293,-0.72,0.19665000000000007,0.7
294,0.7066666666666667,0.19843333333333338,0.7
295,-0.72,0.19843333333333338,0.7
296,0.5650000000000001,0.2291833333333334,0.72
297,-0.72,0.20273333333333338,0.7
298,-0.3375,0.1839333333333334,0.68
299,-0.72,0.1839333333333334,0.68
300,-0.9724999999999999,0.15768333333333337,0.66
301,-0.72,0.15768333333333337,0.66
302,-0.5333333333333334,0.1349666666666667,0.64
303,0.1525000000000001,0.1524166666666667,0.66
304,-0.72,0.1267166666666667,0.64
305,0.6025000000000001,0.12071666666666671,0.64
306,0.6025000000000001,0.11471666666666672,0.64
307,0.5650000000000001,0.14041666666666672,0.66
308,0.5650000000000001,0.1344166666666667,0.66
309,0.6025000000000001,0.12841666666666673,0.66
310,-0.72,0.12841666666666673,0.66
311,0.5650000000000001,0.12841666666666673,0.66
312,0.11500000000000006,0.11941666666666671,0.66
313,0.5650000000000001,0.14511666666666673,0.68
314,0.9025,0.14616666666666672,0.68
315,-0.31499999999999995,0.12856666666666672,0.66
316,0.3400000000000001,0.12781666666666672,0.66
317,0.64,0.12781666666666672,0.66
318,0.37750000000000006,0.12781666666666672,0.66
319,0.3400000000000001,0.14901666666666671,0.68
320,0.85,0.17231666666666673,0.7
321,0.3400000000000001,0.19351666666666673,0.72
322,0.9025,0.1995166666666667,0.72
323,0.3400000000000001,0.22071666666666673,0.74
324,0.5650000000000001,0.22521666666666673,0.74
325,-0.72,0.1995166666666667,0.72
326,0.9025,0.20551666666666674,0.72
327,0.3400000000000001,0.20971666666666672,0.72
328,0.6025000000000001,0.20896666666666672,0.72
329,0.64,0.20896666666666672,0.72
330,0.9025,0.24141666666666672,0.74
331,0.37750000000000006,0.23766666666666672,0.74
332,0.5650000000000001,0.23766666666666672,0.74
333,0.8650000000000001,0.2474166666666667,0.74
334,0.3400000000000001,0.2474166666666667,0.74
335,0.37750000000000006,0.24141666666666672,0.74
336,0.37750000000000006,0.2369166666666667,0.74
337,-0.72,0.21571666666666672,0.72
338,0.8650000000000001,0.2474166666666667,0.74
339,-0.72,0.2262166666666667,0.72
340,0.64,0.22216666666666673,0.72
341,0.6025000000000001,0.2161666666666667,0.72
342,-0.72,0.1904666666666667,0.7
343,-0.72,0.1904666666666667,0.7
344,0.5650000000000001,0.1876333333333334,0.7
345,0.9025,0.22008333333333335,0.72
346,-0.3375,0.20203333333333337,0.7
347,-0.72,0.20203333333333337,0.7
348,0.5650000000000001,0.22008333333333335,0.72
349,0.6025000000000001,0.24653333333333338,0.74
350,0.8650000000000001,0.2832833333333334,0.76
351,0.5650000000000001,0.3089833333333334,0.78
352,0.5425,0.3305,0.8
353,0.9025,0.34550000000000003,0.8
354,0.11500000000000006,0.3622000000000001,0.82
355,0.37750000000000006,0.3577,0.82
356,0.5650000000000001,0.3569500000000001,0.82
357,0.37750000000000006,0.35320000000000007,0.82
358,0.3400000000000001,0.34870000000000007,0.82
359,-0.72,0.32225000000000004,0.8
360,0.8650000000000001,0.35395000000000004,0.82
361,0.1525000000000001,0.34570000000000006,0.82
362,0.8650000000000001,0.3607000000000001,0.82
363,0.3400000000000001,0.35620000000000007,0.82
364,0.64,0.35095000000000004,0.82
365,0.6025000000000001,0.3693000000000001,0.84
366,0.37750000000000006,0.37005000000000005,0.84
367,0.5650000000000001,0.36855000000000004,0.84
368,0.6025000000000001,0.37305000000000005,0.84
369,-0.72,0.35185,0.82
370,-0.72,0.32045000000000007,0.8
371,-0.72,0.29925,0.78
372,-0.72,0.2668000000000001,0.76
373,0.37750000000000006,0.26755000000000007,0.76
374,0.6025000000000001,0.26830000000000004,0.76
375,0.37750000000000006,0.29025000000000006,0.78
376,0.9025,0.29025000000000006,0.78
377,0.37750000000000006,0.29100000000000004,0.78
378,0.3400000000000001,0.28575000000000006,0.78
379,-0.72,0.25855000000000006,0.76
380,-0.72,0.22610000000000008,0.74
381,-0.72,0.20415000000000005,0.72
382,0.3400000000000001,0.19965000000000008,0.72
383,0.1525000000000001,0.18540000000000006,0.72
384,0.5650000000000001,0.18990000000000007,0.72
385,0.6025000000000001,0.19440000000000004,0.72
386,0.6025000000000001,0.19890000000000008,0.72
387,0.3400000000000001,0.22010000000000005,0.74
388,0.6025000000000001,0.21485000000000007,0.74
389,0.11500000000000006,0.23155000000000003,0.76
390,-0.72,0.20435000000000006,0.74
391,0.5650000000000001,0.20360000000000006,0.74
392,-0.72,0.20360000000000006,0.74
393,0.9025,0.23605000000000007,0.76
394,0.11500000000000006,0.22705000000000006,0.76
395,0.1525000000000001,0.21205000000000004,0.76
396,0.3400000000000001,0.22560000000000005,0.78
397,0.5650000000000001,0.2513000000000001,0.8
398,0.3400000000000001,0.24680000000000007,0.8
399,-0.72,0.22035000000000007,0.78
400,0.6025000000000001,0.21510000000000004,0.78
401,0.9025,0.22185000000000005,0.78
402,-0.72,0.19660000000000008,0.76
403,0.8650000000000001,0.19585000000000008,0.76
404,0.9025,0.21160000000000007,0.76
405,0.6025000000000001,0.21610000000000007,0.76
406,0.9025,0.22285000000000008,0.76
407,0.5650000000000001,0.22660000000000008,0.76
408,0.9025,0.23785000000000006,0.76
409,-0.72,0.23785000000000006,0.76
410,0.37750000000000006,0.22810000000000005,0.76
411,0.85,0.24205000000000004,0.76
412,0.6025000000000001,0.23680000000000007,0.76
413,0.64,0.24280000000000004,0.76
414,0.5650000000000001,0.24130000000000007,0.76
415,0.3400000000000001,0.23605000000000004,0.76
416,-0.72,0.21410000000000007,0.74
417,0.11500000000000006,0.20510000000000006,0.74
418,0.31750000000000006,0.19940000000000005,0.74
419,-0.72,0.19940000000000005,0.74
420,0.37750000000000006,0.22135000000000005,0.76
421,0.37750000000000006,0.24330000000000004,0.78
422,0.5650000000000001,0.2690000000000001,0.8
423,0.37750000000000006,0.2690000000000001,0.8
424,-0.72,0.24255000000000007,0.78
425,0.37750000000000006,0.24255000000000007,0.78
426,0.9025,0.24255000000000007,0.78
427,0.11500000000000006,0.23730000000000004,0.78
428,0.6025000000000001,0.24255000000000007,0.78
429,0.6025000000000001,0.2690000000000001,0.8
430,0.6025000000000001,0.29545000000000005,0.82
431,0.37750000000000006,0.31740000000000007,0.84
432,0.8650000000000001,0.3279000000000001,0.84
433,0.5650000000000001,0.3361500000000001,0.84
434,-0.72,0.31045000000000006,0.82
435,-0.72,0.28400000000000003,0.8
436,0.6025000000000001,0.28400000000000003,0.8
437,0.37750000000000006,0.28475000000000006,0.8
438,0.9025,0.29075000000000006,0.8
439,0.3400000000000001,0.29525000000000007,0.8
440,0.9025,0.32770000000000005,0.82
441,0.37750000000000006,0.32395,0.82
442,0.37750000000000006,0.34590000000000004,0.84
443,0.64,0.34065000000000006,0.84
444,0.9025,0.35640000000000005,0.84
445,0.9025,0.37140000000000006,0.84
446,0.6025000000000001,0.37665000000000004,0.84
447,-0.72,0.35095000000000004,0.82
448,0.9025,0.3622000000000001,0.82
449,0.1525000000000001,0.37965000000000004,0.84
450,0.3400000000000001,0.37440000000000007,0.84
451,-0.72,0.3419500000000001,0.82
452,0.3400000000000001,0.36315000000000003,0.84
453,0.9025,0.36390000000000006,0.84
454,-0.21833333333333338,0.3414833333333334,0.82
455,0.3400000000000001,0.33623333333333333,0.82
456,0.8650000000000001,0.3354833333333334,0.82
457,-0.72,0.3097833333333334,0.8
458,0.8650000000000001,0.3090333333333334,0.8
459,0.9025,0.3414833333333334,0.82
460,0.37750000000000006,0.3414833333333334,0.82
461,0.3400000000000001,0.3312833333333334,0.82
462,-0.72,0.3048333333333334,0.8
463,-0.72,0.2776333333333334,0.78
464,0.6025000000000001,0.27838333333333337,0.78
465,-0.72,0.2571833333333334,0.76
466,-0.72,0.2571833333333334,0.76
467,-0.72,0.24048333333333338,0.74
468,-0.72,0.2197333333333334,0.72
469,0.6025000000000001,0.2461833333333334,0.74
470,0.6775000000000001,0.25218333333333337,0.74
471,-0.72,0.23023333333333337,0.72
472,0.9025,0.23698333333333338,0.72
473,-0.72,0.21503333333333338,0.7
474,0.3400000000000001,0.23623333333333338,0.72
475,0.6025000000000001,0.24073333333333338,0.72
476,0.8650000000000001,0.23998333333333338,0.72
477,0.6025000000000001,0.2497333333333334,0.72
478,-0.72,0.2232833333333334,0.7
479,0.37750000000000006,0.21878333333333339,0.7
480,0.6025000000000001,0.21878333333333339,0.7
481,-0.72,0.19683333333333336,0.68
482,0.6025000000000001,0.19158333333333338,0.68
483,-0.72,0.16588333333333338,0.66
484,0.8650000000000001,0.1975833333333334,0.68
485,0.37750000000000006,0.2195333333333334,0.7
486,0.3400000000000001,0.21428333333333338,0.7
487,-0.72,0.19233333333333338,0.68
488,0.7066666666666667,0.18841666666666673,0.68
489,-0.72,0.1672166666666667,0.66
490,0.7066666666666667,0.16330000000000006,0.66
491,0.1525000000000001,0.15880000000000005,0.66
492,-0.3758333333333334,0.14373333333333338,0.64
493,-0.72,0.11653333333333338,0.62
494,0.8650000000000001,0.11578333333333339,0.62
495,-0.72,0.0833333333333334,0.6
496,-0.72,0.05688333333333339,0.58
497,0.9025,0.08933333333333339,0.6
498,0.5650000000000001,0.08258333333333338,0.6
499,-0.72,0.06513333333333338,0.58
500,0.3400000000000001,0.06513333333333338,0.58
501,0.3400000000000001,0.08633333333333339,0.6
502,-0.0675,0.07818333333333338,0.58
503,-0.72,0.04573333333333338,0.56
504,0.5650000000000001,0.06140000000000005,0.58
505,0.6775000000000001,0.06815000000000006,0.58
506,0.6775000000000001,0.06440000000000005,0.58
507,0.37750000000000006,0.08635000000000005,0.6
508,-0.72,0.05465000000000005,0.58
509,0.9025,0.05465000000000005,0.58
510,0.3400000000000001,0.05390000000000005,0.58
511,0.3400000000000001,0.05390000000000005,0.58
512,0.9025,0.08635000000000005,0.6
513,0.9025,0.11880000000000004,0.62
514,0.64,0.11955000000000006,0.62
515,0.3400000000000001,0.14075000000000004,0.64
516,-0.72,0.14075000000000004,0.64
517,0.9025,0.17320000000000005,0.66
518,0.3400000000000001,0.19440000000000004,0.68
519,0.5650000000000001,0.19365000000000004,0.68
520,-0.72,0.16570000000000004,0.66
521,-0.72,0.16570000000000004,0.66
522,0.5650000000000001,0.15895000000000004,0.66
523,0.9025,0.19140000000000004,0.68
524,0.37750000000000006,0.19215000000000004,0.68
525,0.5650000000000001,0.19140000000000004,0.68
526,-0.72,0.15970000000000004,0.66
527,-0.72,0.13325000000000004,0.64
528,0.6025000000000001,0.15970000000000004,0.66
529,-0.72,0.13775000000000004,0.64
530,0.64,0.13850000000000004,0.64
531,0.3400000000000001,0.15970000000000004,0.66
532,0.8650000000000001,0.16495000000000004,0.66
533,0.6025000000000001,0.19140000000000004,0.68
534,0.1525000000000001,0.17715000000000003,0.68
535,0.11500000000000006,0.17190000000000005,0.68
536,-0.72,0.15070000000000003,0.66
537,0.6025000000000001,0.17715000000000003,0.68
538,0.3400000000000001,0.16981666666666673,0.68
539,0.3400000000000001,0.1910166666666667,0.7
540,-0.72,0.1624833333333334,0.68
541,0.8650000000000001,0.17673333333333338,0.68
542,0.64,0.19705000000000006,0.7
543,0.6025000000000001,0.22350000000000006,0.72
544,-0.72,0.19180000000000003,0.7
545,0.5650000000000001,0.21750000000000003,0.72
546,0.9025,0.24995000000000003,0.74
547,0.64,0.24470000000000006,0.74
548,0.6025000000000001,0.24545000000000006,0.74
549,0.5650000000000001,0.27115000000000006,0.76
550,0.8650000000000001,0.28165000000000007,0.76
551,-0.72,0.26045000000000007,0.74
552,0.6025000000000001,0.27385000000000004,0.76
553,0.6025000000000001,0.30030000000000007,0.78
554,-0.72,0.27460000000000007,0.76
555,0.9025,0.2791,0.76
556,0.37750000000000006,0.27310000000000006,0.76
557,0.6025000000000001,0.27760000000000007,0.76
558,-0.72,0.27760000000000007,0.76
559,-0.72,0.24515000000000003,0.74
560,-0.72,0.22395000000000007,0.72
561,0.3400000000000001,0.22395000000000007,0.72
562,-0.72,0.19150000000000006,0.7
563,0.5650000000000001,0.18475000000000005,0.7
564,0.37750000000000006,0.17950000000000008,0.7
565,0.5650000000000001,0.18400000000000005,0.7
566,0.64,0.21120000000000005,0.72
567,0.5650000000000001,0.20445000000000008,0.72
568,0.64,0.21045000000000005,0.72
569,-0.35333333333333333,0.19208333333333338,0.7
570,0.9025,0.2245333333333334,0.72
571,0.8650000000000001,0.25623333333333337,0.74
572,0.6025000000000001,0.2569833333333334,0.74
573,-0.72,0.2245333333333334,0.72
574,0.6025000000000001,0.2290333333333334,0.72
575,0.5650000000000001,0.2290333333333334,0.72
576,0.3400000000000001,0.2502333333333334,0.74
577,0.37750000000000006,0.2721833333333334,0.76
578,0.8650000000000001,0.2774333333333334,0.76
579,0.6025000000000001,0.3038833333333334,0.78
580,0.9025,0.3091333333333334,0.78
581,0.6775000000000001,0.3158833333333334,0.78
582,-0.72,0.2841833333333334,0.76
583,0.3400000000000001,0.27893333333333337,0.76
584,0.8650000000000001,0.2931833333333334,0.76
585,0.37750000000000006,0.2984333333333334,0.76
586,0.1525000000000001,0.3158833333333334,0.78
587,-0.72,0.2894333333333334,0.76
588,0.8650000000000001,0.2999333333333334,0.76
589,0.37750000000000006,0.3006833333333334,0.76
590,0.6025000000000001,0.3271333333333334,0.78
591,-0.72,0.2954333333333334,0.76
592,-0.72,0.26823333333333343,0.74
593,-0.72,0.24178333333333338,0.72
594,0.11500000000000006,0.2584833333333334,0.74
595,0.8650000000000001,0.2644833333333334,0.74
596,0.6775000000000001,0.2599833333333334,0.74
597,0.3400000000000001,0.2539833333333334,0.74
598,0.6025000000000001,0.2539833333333334,0.74
599,0.5650000000000001,0.2539833333333334,0.74
600,-0.72,0.2222833333333334,0.72
601,0.11500000000000006,0.2389833333333334,0.74
602,0.3400000000000001,0.23373333333333338,0.74
603,0.6025000000000001,0.23373333333333338,0.74
604,0.64,0.2609333333333334,0.76
605,0.37750000000000006,0.2504333333333334,0.76
606,0.3400000000000001,0.2496833333333334,0.76
607,0.6025000000000001,0.2496833333333334,0.76
608,0.9025,0.2821333333333334,0.78
609,0.5650000000000001,0.3078333333333334,0.8
610,-0.72,0.3078333333333334,0.8
611,-0.72,0.2866333333333334,0.78
612,0.6025000000000001,0.3130833333333334,0.8
613,0.37750000000000006,0.3093333333333334,0.8
614,0.6025000000000001,0.3138333333333334,0.8
615,-0.72,0.2881333333333334,0.78
616,0.6025000000000001,0.2873833333333334,0.78
617,0.3400000000000001,0.28288333333333343,0.78
618,-0.3375,0.2633333333333334,0.76
619,-0.72,0.25600000000000006,0.76
620,-0.72,0.22355000000000008,0.74
621,0.64,0.21905000000000008,0.74
622,0.11500000000000006,0.20930000000000007,0.74
623,0.5650000000000001,0.23500000000000007,0.76
624,0.9025,0.24100000000000005,0.76
625,0.6025000000000001,0.24175000000000008,0.76
626,-0.72,0.22055000000000008,0.74
627,0.9025,0.2310500000000001,0.74
628,0.9025,0.23180000000000006,0.74
629,0.6025000000000001,0.23180000000000006,0.74
630,0.11500000000000006,0.21605000000000008,0.74
631,-0.72,0.18810000000000004,0.72
632,0.5650000000000001,0.21380000000000007,0.74
633,0.37750000000000006,0.21455000000000005,0.74
634,0.5650000000000001,0.20855000000000007,0.74
635,-0.72,0.18660000000000007,0.72
636,0.5650000000000001,0.19485000000000008,0.72
637,0.9025,0.22730000000000009,0.74
638,-0.72,0.19560000000000005,0.72
639,0.5650000000000001,0.19935000000000005,0.72
640,0.64,0.20010000000000006,0.72
641,-0.72,0.20010000000000006,0.72
642,0.6025000000000001,0.22655000000000006,0.74
643,0.6025000000000001,0.25300000000000006,0.76
644,0.9025,0.26875000000000004,0.76
645,0.8650000000000001,0.26875000000000004,0.76
646,0.8650000000000001,0.2725000000000001,0.76
647,0.6025000000000001,0.27775000000000005,0.76
648,0.6025000000000001,0.27775000000000005,0.76
649,0.3400000000000001,0.27325000000000005,0.76
650,0.6025000000000001,0.2997000000000001,0.78
651,0.9025,0.31545000000000006,0.78
652,-0.72,0.29425000000000007,0.76
653,0.1525000000000001,0.28525000000000006,0.76
654,-0.72,0.25805000000000006,0.74
655,0.8650000000000001,0.26780000000000004,0.74
656,-0.72,0.24660000000000007,0.72
657,0.64,0.24735000000000007,0.72
658,0.9025,0.24735000000000007,0.72
659,-0.72,0.22165000000000007,0.7
660,0.5650000000000001,0.24735000000000007,0.72
661,0.9025,0.27980000000000005,0.74
662,0.37750000000000006,0.27530000000000004,0.74
663,0.6775000000000001,0.28130000000000005,0.74
664,0.5650000000000001,0.2805500000000001,0.74
665,0.8650000000000001,0.31225,0.76
666,0.9025,0.3182500000000001,0.76
667,-0.72,0.29705000000000004,0.74
668,0.6775000000000001,0.3173500000000001,0.76
669,0.37750000000000006,0.33930000000000005,0.78
670,0.9025,0.37175,0.8
671,0.8650000000000001,0.3762500000000001,0.8
672,0.64,0.38675000000000004,0.8
673,0.37750000000000006,0.38300000000000006,0.8
674,0.5650000000000001,0.3762500000000001,0.8
675,0.11500000000000006,0.36650000000000005,0.8
676,0.11500000000000006,0.3832000000000001,0.82
677,-0.72,0.35075,0.8
678,-0.72,0.3183,0.78
679,0.11500000000000006,0.30855000000000005,0.78
680,0.6025000000000001,0.3183,0.78
681,-0.72,0.3183,0.78
682,0.8650000000000001,0.3243000000000001,0.78
683,0.5650000000000001,0.32805000000000006,0.78
684,0.3400000000000001,0.32355000000000006,0.78
685,0.9025,0.3560000000000001,0.8
686,-0.72,0.3303000000000001,0.78
687,0.5650000000000001,0.32355000000000006,0.78
688,0.8650000000000001,0.35525000000000007,0.8
689,-0.72,0.32955000000000007,0.78
690,0.8650000000000001,0.33405000000000007,0.78
691,0.6025000000000001,0.36050000000000004,0.8
692,0.85,0.3654500000000001,0.8
693,0.3400000000000001,0.3602,0.8
694,-0.5175000000000001,0.3318000000000001,0.78
695,0.8650000000000001,0.3318000000000001,0.78
696,0.9025,0.33255,0.78
697,0.3400000000000001,0.32730000000000004,0.78
698,-0.72,0.30085000000000006,0.76
699,-0.72,0.27965,0.74
700,-0.72,0.25320000000000004,0.72
701,0.8650000000000001,0.25245000000000006,0.72
702,0.6025000000000001,0.27890000000000004,0.74
703,0.6775000000000001,0.28940000000000005,0.74
704,0.8650000000000001,0.32110000000000005,0.76
705,0.3400000000000001,0.31060000000000004,0.76
706,0.1525000000000001,0.32805000000000006,0.78
707,0.37750000000000006,0.3228000000000001,0.78
708,-0.72,0.29035000000000005,0.76
709,0.31500000000000006,0.31105000000000005,0.78
710,-0.72,0.28535000000000005,0.76
711,0.37750000000000006,0.27485000000000004,0.76
712,0.1525000000000001,0.2703500000000001,0.76
713,0.6025000000000001,0.26885000000000003,0.76
714,0.6025000000000001,0.26960000000000006,0.76
715,-0.72,0.23790000000000006,0.74
716,0.9025,0.23790000000000006,0.74
717,0.6025000000000001,0.2643500000000001,0.76
718,-0.21833333333333338,0.2464333333333334,0.74
719,0.8650000000000001,0.2561833333333334,0.74
720,0.6025000000000001,0.25018333333333337,0.74
721,0.6025000000000001,0.2449333333333334,0.74
722,-0.72,0.21773333333333342,0.72
723,-0.72,0.1957833333333334,0.7
724,-0.72,0.1700833333333334,0.68
725,0.6775000000000001,0.1813333333333334,0.68
726,-0.2025,0.17498333333333338,0.66
727,-0.72,0.17498333333333338,0.66
728,0.6775000000000001,0.2029333333333334,0.68
729,-0.72,0.1862333333333334,0.66
730,-0.72,0.1597833333333334,0.64
731,-0.72,0.1597833333333334,0.64
732,0.5650000000000001,0.15378333333333338,0.64
733,0.9025,0.1605333333333334,0.64
734,-0.72,0.1393333333333334,0.62
735,-0.72,0.1068833333333334,0.6
736,0.3400000000000001,0.12808333333333338,0.62
737,-0.72,0.10238333333333338,0.6
738,-0.72,0.07068333333333339,0.58
739,0.8650000000000001,0.10238333333333338,0.6
740,0.6775000000000001,0.09863333333333339,0.6
741,-0.72,0.07218333333333339,0.58
742,0.6025000000000001,0.0672333333333334,0.58
743,0.6025000000000001,0.0724833333333334,0.58
744,-0.72,0.0684333333333334,0.58
745,-0.72,0.036733333333333396,0.56
746,0.9025,0.036733333333333396,0.56
747,0.1525000000000001,0.03298333333333339,0.56
748,0.6025000000000001,0.059433333333333394,0.58
749,0.8650000000000001,0.0911333333333334,0.6
750,0.3400000000000001,0.1123333333333334,0.62
751,0.5650000000000001,0.1063333333333334,0.62
752,0.9025,0.1123333333333334,0.62
753,0.11500000000000006,0.1010833333333334,0.62
754,0.5650000000000001,0.0950833333333334,0.62
755,0.6025000000000001,0.1003333333333334,0.62
756,-0.72,0.08288333333333339,0.6
757,-0.9724999999999999,0.05588333333333339,0.58
758,-0.72,0.05588333333333339,0.58
759,-0.72,0.03518333333333339,0.56
760,0.5650000000000001,0.06088333333333339,0.58
761,0.8650000000000001,0.0706333333333334,0.58
762,0.6025000000000001,0.07963333333333339,0.58
763,-0.72,0.053183333333333395,0.56
764,0.37750000000000006,0.04868333333333339,0.56
765,0.5650000000000001,0.07438333333333338,0.58
766,0.37750000000000006,0.06388333333333339,0.58
767,0.6025000000000001,0.06388333333333339,0.58
768,-0.72,0.05385000000000006,0.58
769,-0.72,0.022150000000000062,0.56
770,-0.72,-0.004299999999999942,0.54
771,0.3400000000000001,-0.009549999999999942,0.54
772,-0.72,-0.009549999999999942,0.54
773,0.64,0.017650000000000058,0.56
774,0.9025,0.050100000000000054,0.58
775,0.6025000000000001,0.04860000000000006,0.58
776,0.37750000000000006,0.06020000000000006,0.6
777,0.5650000000000001,0.08590000000000005,0.62
778,-0.72,0.05795000000000005,0.6
779,-0.72,0.05795000000000005,0.6
780,0.11500000000000006,0.07465000000000006,0.62
781,0.11500000000000006,0.09135000000000006,0.64
782,0.5650000000000001,0.09135000000000006,0.64
783,0.6025000000000001,0.08535000000000005,0.64
784,-0.72,0.08535000000000005,0.64
785,0.5650000000000001,0.11105000000000005,0.66
786,0.5650000000000001,0.11555000000000007,0.66
787,0.3400000000000001,0.13675000000000007,0.68
788,0.7066666666666667,0.1652833333333334,0.7
789,0.11500000000000006,0.1502833333333334,0.7
790,-0.72,0.12233333333333339,0.68
791,0.9025,0.15478333333333338,0.7
792,0.11500000000000006,0.1450333333333334,0.7
793,0.6775000000000001,0.1465333333333334,0.7
794,0.37750000000000006,0.1684833333333334,0.72
795,-0.72,0.1684833333333334,0.72
796,0.8650000000000001,0.1677333333333334,0.72
797,-0.044999999999999984,0.16378333333333336,0.7
798,0.6025000000000001,0.16378333333333336,0.7
799,0.64,0.1592833333333334,0.7
800,0.5650000000000001,0.16378333333333336,0.7
801,-0.72,0.1380833333333334,0.68
802,0.3400000000000001,0.12683333333333338,0.68
803,0.6025000000000001,0.1365833333333334,0.68
804,0.9025,0.1433333333333334,0.68
805,-0.72,0.1168833333333334,0.66
806,0.3400000000000001,0.1380833333333334,0.68
807,0.1525000000000001,0.1605833333333334,0.7
808,0.6025000000000001,0.1870333333333334,0.72
809,0.3400000000000001,0.20823333333333338,0.74
810,0.3400000000000001,0.20373333333333338,0.74
811,0.6025000000000001,0.1984833333333334,0.74
812,0.37750000000000006,0.1939833333333334,0.74
813,0.64,0.2211833333333334,0.76
814,0.5650000000000001,0.2249333333333334,0.76
815,-0.72,0.1992333333333334,0.74
816,0.8650000000000001,0.2089833333333334,0.74
817,0.9025,0.2149833333333334,0.74
818,0.37750000000000006,0.23693333333333338,0.76
819,0.5650000000000001,0.2626333333333334,0.78
820,-0.31499999999999995,0.2707333333333334,0.78
821,0.5650000000000001,0.2752333333333334,0.78
822,0.8650000000000001,0.3069333333333334,0.8
823,0.37750000000000006,0.3016833333333334,0.8
824,0.6025000000000001,0.2956833333333334,0.8
825,-0.72,0.2692333333333334,0.78
826,0.5650000000000001,0.2729833333333334,0.78
827,0.11500000000000006,0.2639833333333334,0.78
828,-0.72,0.2639833333333334,0.78
829,0.5650000000000001,0.2896833333333334,0.8
830,0.11500000000000006,0.2896833333333334,0.8
831,-0.72,0.2729833333333334,0.78
832,-0.72,0.24728333333333338,0.76
833,0.3400000000000001,0.2420333333333334,0.76
834,0.5650000000000001,0.2677333333333334,0.78
835,0.5650000000000001,0.2677333333333334,0.78
836,-0.72,0.2420333333333334,0.76
837,0.8650000000000001,0.2525333333333334,0.76
838,-0.72,0.22400000000000006,0.74
839,0.6025000000000001,0.23375000000000007,0.74
840,0.3400000000000001,0.25495000000000007,0.76
841,0.5650000000000001,0.2482000000000001,0.76
842,-0.72,0.23150000000000007,0.74
843,0.37750000000000006,0.2255000000000001,0.74
844,0.11500000000000006,0.22025000000000006,0.74
845,0.3400000000000001,0.24145000000000005,0.76
846,0.37750000000000006,0.23170000000000004,0.76
847,-0.72,0.21820000000000006,0.76
848,0.9025,0.22420000000000007,0.76
849,0.5650000000000001,0.22270000000000006,0.76
850,0.37750000000000006,0.21895000000000006,0.76
851,0.6025000000000001,0.24540000000000006,0.78
852,0.6025000000000001,0.25065000000000004,0.78
853,0.6025000000000001,0.25065000000000004,0.78
854,0.6025000000000001,0.24465000000000006,0.78
855,0.3400000000000001,0.2658500000000001,0.8
856,0.37750000000000006,0.26660000000000006,0.8
857,0.64,0.27635000000000004,0.8
858,0.5650000000000001,0.27560000000000007,0.8
859,0.8650000000000001,0.2861000000000001,0.8
860,0.5650000000000001,0.2906000000000001,0.8
861,0.37750000000000006,0.2861000000000001,0.8
862,-0.72,0.26415000000000005,0.78
863,0.3400000000000001,0.25815000000000005,0.78
864,0.5650000000000001,0.25815000000000005,0.78
865,0.5650000000000001,0.28385000000000005,0.8
866,-0.72,0.2521500000000001,0.78
867,0.9025,0.2521500000000001,0.78
868,0.6025000000000001,0.25665000000000004,0.78
869,0.5650000000000001,0.25665000000000004,0.78
870,0.6025000000000001,0.2750000000000001,0.8
871,-0.72,0.24930000000000008,0.78
872,0.6025000000000001,0.24405000000000007,0.78
873,0.8650000000000001,0.2538000000000001,0.78
874,-0.72,0.22735000000000005,0.76
875,-0.72,0.22735000000000005,0.76
876,0.6025000000000001,0.22810000000000005,0.76
877,0.6025000000000001,0.23785000000000006,0.76
878,0.5650000000000001,0.26355000000000006,0.78
879,0.9025,0.2703000000000001,0.78
880,0.5650000000000001,0.27930000000000005,0.78
881,-0.72,0.27930000000000005,0.78
882,0.9025,0.3117500000000001,0.8
883,-0.72,0.2905500000000001,0.78
884,-0.72,0.2648500000000001,0.76
885,0.6025000000000001,0.26560000000000006,0.76
886,0.6025000000000001,0.29205000000000003,0.78
887,0.5650000000000001,0.2860500000000001,0.78
888,-0.72,0.2860500000000001,0.78
889,-0.72,0.25960000000000005,0.76
890,-0.72,0.23840000000000006,0.74
891,-0.72,0.21270000000000006,0.72
892,0.37750000000000006,0.23465000000000008,0.74
893,0.5650000000000001,0.23840000000000006,0.74
894,0.5650000000000001,0.24740000000000006,0.74
895,-0.72,0.22620000000000004,0.72
896,0.5650000000000001,0.22995000000000004,0.72
897,-0.72,0.22995000000000004,0.72
898,-0.72,0.19750000000000006,0.7
899,-0.72,0.17180000000000006,0.68
900,-0.72,0.14985000000000007,0.66
